gene,X.x,celltype.x,p_val.x,Sgp_avg_log2FC,Sgp130 pct,WT pct,p_val_adj.x,X.y,p_val.y,Human_avg_log2FC.y,Liver met pct,normal liver pct,p_val_adj.y,label
ABHD5,Abhd5,Macrophage,7.33E-10,-0.455207243,0.117,0.186,1.70E-05,ABHD5,5.61E-10,0.391036686,0.192,0.103,9.57E-06,good
ACTB,Actb,Macrophage,6.17E-17,0.158306673,0.999,1,1.43E-12,ACTB,1.54E-07,-0.229058419,0.989,0.981,0.002622125,good
ADM,Adm,Macrophage,1.53E-07,-0.717549356,0.029,0.064,0.003536197,ADM,7.38E-32,1.227772347,0.411,0.204,1.26E-27,good
AGPAT4,Agpat4,Macrophage,1.05E-09,-0.203671485,0.291,0.387,2.43E-05,AGPAT4,1.02E-11,1.34922814,0.091,0.026,1.74E-07,good
AHNAK,Ahnak,Macrophage,5.36E-45,-0.556729501,0.587,0.833,1.24E-40,AHNAK,1.53E-15,-0.812537965,0.561,0.601,2.61E-11,bad
AIF1,Aif1,Macrophage,1.14E-39,0.790258939,0.658,0.523,2.64E-35,AIF1,4.93E-25,-0.42515026,0.886,0.883,8.41E-21,good
ALCAM,Alcam,Macrophage,3.01E-07,-0.166049233,0.634,0.757,0.006958708,ALCAM,4.55E-64,1.516140604,0.483,0.178,7.76E-60,good
ALOX5AP,Alox5ap,Macrophage,7.13E-18,-0.220154443,0.811,0.942,1.65E-13,ALOX5AP,1.95E-99,2.655818958,0.505,0.131,3.34E-95,good
ANXA4,Anxa4,Macrophage,6.92E-10,-0.234002883,0.272,0.362,1.60E-05,ANXA4,1.39E-17,0.988708024,0.248,0.116,2.38E-13,good
APOE,Apoe,Macrophage,1.23E-152,1.603207219,0.9,0.672,2.86E-148,APOE,3.24E-146,4.333916861,0.55,0.096,5.54E-142,bad
APP,App,Macrophage,9.03E-13,-0.259320217,0.817,0.917,2.09E-08,APP,3.50E-11,0.430317716,0.42,0.288,5.97E-07,good
ARL8B,Arl8b,Macrophage,8.65E-10,-0.177961672,0.362,0.474,2.00E-05,ARL8B,2.17E-15,0.455382899,0.542,0.381,3.70E-11,good
ARRDC4,Arrdc4,Macrophage,5.25E-09,-0.340026282,0.229,0.311,0.000121591,ARRDC4,1.15E-07,0.623352278,0.101,0.046,0.001959998,good
ASAH1,Asah1,Macrophage,3.75E-11,0.772019348,0.495,0.45,8.67E-07,ASAH1,2.03E-32,0.581383533,0.806,0.656,3.47E-28,bad
ATP1B3,Atp1b3,Macrophage,5.27E-09,-0.185892836,0.592,0.726,0.000122124,ATP1B3,2.35E-45,0.68694223,0.75,0.493,4.00E-41,good
ATP6V1C1,Atp6v1c1,Macrophage,6.05E-13,-0.279178384,0.306,0.415,1.40E-08,ATP6V1C1,3.71E-10,0.33924016,0.271,0.163,6.32E-06,good
B3GNT2,B3gnt2,Macrophage,1.32E-07,-0.226602307,0.193,0.262,0.003049587,B3GNT2,3.28E-13,0.869845349,0.155,0.064,5.59E-09,good
BCL2L1,Bcl2l1,Macrophage,2.54E-14,-0.387881329,0.266,0.384,5.89E-10,BCL2L1,1.42E-22,1.060280097,0.257,0.106,2.42E-18,good
BHLHE40,Bhlhe40,Macrophage,1.28E-18,-0.28474739,0.394,0.564,2.96E-14,BHLHE40,5.26E-45,0.787416645,0.772,0.544,8.97E-41,good
BHLHE41,Bhlhe41,Macrophage,2.36E-07,1.370070668,0.074,0.037,0.005474221,BHLHE41,2.21E-56,2.650630446,0.275,0.035,3.78E-52,bad
BST1,Bst1,Macrophage,2.24E-22,-0.537184875,0.269,0.422,5.18E-18,BST1,1.33E-08,0.461835775,0.209,0.127,0.000227562,good
BTF3,Btf3,Macrophage,7.66E-11,-0.138270358,0.85,0.946,1.77E-06,BTF3,1.60E-26,-0.672537977,0.739,0.757,2.72E-22,bad
BTG3,Btg3,Macrophage,1.93E-10,-0.346657335,0.25,0.339,4.47E-06,BTG3,8.97E-11,0.970228396,0.132,0.056,1.53E-06,good
CALM1,Calm1,Macrophage,8.64E-07,-0.14064576,0.955,0.98,0.020014781,CALM1,1.39E-29,0.552859065,0.858,0.71,2.37E-25,good
CCL5,Ccl5,Macrophage,6.82E-11,0.975771473,0.083,0.036,1.58E-06,CCL5,2.25E-06,0.478799255,0.196,0.129,0.038418679,bad
CD274,Cd274,Macrophage,1.17E-21,-0.455719613,0.494,0.661,2.70E-17,CD274,1.11E-10,1.925722603,0.064,0.012,1.89E-06,good
CD300LF,Cd300lf,Macrophage,2.21E-15,-0.359102477,0.409,0.538,5.11E-11,CD300LF,1.89E-12,0.468011981,0.296,0.174,3.22E-08,good
CD302,Cd302,Macrophage,1.68E-13,1.245861018,0.219,0.135,3.90E-09,CD302,3.37E-20,-0.750573507,0.475,0.565,5.76E-16,good
CD44,Cd44,Macrophage,6.58E-19,-0.346515317,0.829,0.94,1.52E-14,CD44,1.23E-53,0.836059611,0.783,0.535,2.10E-49,good
CD53,Cd53,Macrophage,4.21E-14,-0.211693687,0.817,0.941,9.75E-10,CD53,1.32E-14,0.295916926,0.801,0.689,2.26E-10,good
CD63,Cd63,Macrophage,2.87E-37,1.087885976,0.456,0.289,6.64E-33,CD63,1.01E-96,1.042465848,0.926,0.76,1.73E-92,bad
CD83,Cd83,Macrophage,9.66E-68,1.154837765,0.635,0.415,2.24E-63,CD83,4.24E-13,0.292281966,0.827,0.669,7.23E-09,bad
CD86,Cd86,Macrophage,4.94E-13,0.562517939,0.654,0.642,1.14E-08,CD86,7.90E-08,0.249421916,0.71,0.583,0.001349035,bad
CD93,Cd93,Macrophage,2.53E-19,-0.358900388,0.496,0.673,5.87E-15,CD93,1.76E-10,-0.692284254,0.322,0.403,3.01E-06,bad
CDKN1A,Cdkn1a,Macrophage,4.35E-21,-0.395980634,0.714,0.86,1.01E-16,CDKN1A,6.44E-17,0.382366235,0.838,0.668,1.10E-12,good
CEBPA,Cebpa,Macrophage,3.36E-14,1.366713799,0.165,0.087,7.78E-10,CEBPA,7.71E-42,1.398093546,0.352,0.124,1.32E-37,bad
CFL1,Cfl1,Macrophage,4.00E-11,0.246998564,0.909,0.947,9.27E-07,CFL1,2.98E-13,0.176069779,0.985,0.963,5.09E-09,bad
CHST11,Chst11,Macrophage,7.53E-18,-0.290225203,0.262,0.41,1.74E-13,CHST11,1.67E-19,0.581660651,0.414,0.248,2.85E-15,good
CISH,Cish,Macrophage,3.37E-08,-0.365634938,0.181,0.249,0.000779748,CISH,6.00E-07,0.606379941,0.083,0.036,0.010239524,good
CLEC12A,Clec12a,Macrophage,5.32E-09,0.812000077,0.287,0.221,0.000123123,CLEC12A,9.25E-09,-0.778731938,0.359,0.415,0.000157816,good
CLIC4,Clic4,Macrophage,3.81E-08,0.541471526,0.59,0.597,0.000883167,CLIC4,2.71E-23,0.970517855,0.272,0.116,4.62E-19,bad
CNIH4,Cnih4,Macrophage,2.15E-16,-0.261684419,0.397,0.543,4.98E-12,CNIH4,9.87E-16,0.883770536,0.241,0.119,1.68E-11,good
COX5B,Cox5b,Macrophage,1.92E-44,-0.445837372,0.684,0.858,4.45E-40,COX5B,1.18E-06,0.149625783,0.488,0.372,0.020152691,good
COX6C,Cox6c,Macrophage,2.66E-10,-0.172918052,0.749,0.887,6.15E-06,COX6C,5.55E-14,0.284023264,0.728,0.565,9.47E-10,good
COX7A2,Cox7a2,Macrophage,1.20E-27,-0.356195642,0.695,0.877,2.77E-23,COX7A2,1.26E-07,0.215778102,0.426,0.317,0.002143341,good
CRELD2,Creld2,Macrophage,3.03E-11,-0.591610632,0.127,0.202,7.02E-07,CRELD2,1.19E-06,0.308065619,0.16,0.095,0.020349054,good
CTSD,Ctsd,Macrophage,1.95E-09,-0.189178258,0.839,0.935,4.52E-05,CTSD,3.84E-123,2.423817404,0.788,0.515,6.56E-119,good
CTSS,Ctss,Macrophage,8.59E-33,0.403033659,0.942,0.944,1.99E-28,CTSS,4.66E-20,-0.390198326,0.941,0.914,7.95E-16,good
CX3CR1,Cx3cr1,Macrophage,4.34E-22,0.710395953,0.363,0.234,1.01E-17,CX3CR1,1.72E-20,-1.457907325,0.102,0.205,2.94E-16,good
CXCL16,Cxcl16,Macrophage,1.66E-40,0.985817093,0.508,0.332,3.85E-36,CXCL16,1.73E-07,0.130994303,0.798,0.681,0.002953664,bad
DAD1,Dad1,Macrophage,8.01E-15,-0.15987527,0.545,0.698,1.85E-10,DAD1,1.53E-07,0.17811228,0.362,0.256,0.002619546,good
DAP,Dap,Macrophage,2.73E-12,-0.234012036,0.278,0.384,6.31E-08,DAP,9.22E-07,0.254539645,0.293,0.203,0.015727383,good
DHRS3,Dhrs3,Macrophage,1.88E-09,-0.227046682,0.315,0.413,4.35E-05,DHRS3,5.51E-21,1.343399258,0.175,0.053,9.41E-17,good
DOCK4,Dock4,Macrophage,8.54E-15,0.497550925,0.642,0.596,1.98E-10,DOCK4,1.26E-09,0.69546412,0.174,0.092,2.15E-05,bad
DSTN,Dstn,Macrophage,7.14E-18,-0.347842555,0.515,0.672,1.65E-13,DSTN,4.78E-13,0.663956858,0.253,0.138,8.16E-09,good
DUSP2,Dusp2,Macrophage,1.74E-20,1.112560727,0.3,0.186,4.03E-16,DUSP2,8.17E-11,0.231279623,0.736,0.579,1.39E-06,bad
EHD4,Ehd4,Macrophage,7.36E-08,0.657741163,0.433,0.387,0.001704099,EHD4,7.26E-16,0.707690254,0.298,0.162,1.24E-11,bad
EIF1,Eif1,Macrophage,2.18E-51,-0.416772511,0.955,0.996,5.04E-47,EIF1,3.29E-23,-0.289157277,0.96,0.93,5.62E-19,bad
EMP1,Emp1,Macrophage,9.59E-42,-0.604498722,0.404,0.654,2.22E-37,EMP1,1.91E-13,1.42318977,0.126,0.043,3.27E-09,good
EPS8,Eps8,Macrophage,5.32E-28,-0.473215742,0.519,0.712,1.23E-23,EPS8,2.12E-10,-1.491638564,0.079,0.139,3.62E-06,bad
FABP5,Fabp5,Macrophage,3.44E-16,-0.696878542,0.384,0.508,7.97E-12,FABP5,2.89E-37,1.307383604,0.384,0.162,4.92E-33,good
FLOT1,Flot1,Macrophage,3.32E-13,-0.40229727,0.247,0.35,7.68E-09,FLOT1,1.81E-12,0.387929345,0.387,0.25,3.09E-08,good
FMNL2,Fmnl2,Macrophage,4.47E-14,-0.319405704,0.483,0.627,1.04E-09,FMNL2,1.73E-28,0.890127973,0.379,0.181,2.95E-24,good
FN1,Fn1,Macrophage,2.26E-17,-0.424673656,0.567,0.695,5.24E-13,FN1,3.28E-124,7.161499179,0.415,0.008,5.60E-120,good
FOSB,Fosb,Macrophage,2.11E-20,0.971136115,0.469,0.373,4.90E-16,FOSB,6.63E-18,0.415760074,0.926,0.824,1.13E-13,bad
FTH1,Fth1,Macrophage,2.26E-10,-0.4043386,1,1,5.24E-06,FTH1,8.63E-17,0.278400628,0.998,0.988,1.47E-12,good
G0S2,G0s2,Macrophage,2.98E-55,3.246244622,0.218,0.056,6.89E-51,G0S2,1.30E-37,0.959961245,0.588,0.347,2.21E-33,bad
GDF15,Gdf15,Macrophage,7.75E-07,2.000346408,0.041,0.016,0.017943689,GDF15,1.35E-08,5.358626364,0.036,0.002,0.000230517,bad
GNG2,Gng2,Macrophage,3.75E-09,-0.102652427,0.455,0.582,8.69E-05,GNG2,3.23E-08,-0.875943542,0.148,0.212,0.000550821,bad
GPNMB,Gpnmb,Macrophage,4.91E-25,-1.36235177,0.091,0.205,1.14E-20,GPNMB,6.28E-125,3.193955481,0.582,0.184,1.07E-120,good
GRAMD1B,Gramd1b,Macrophage,5.74E-10,-0.599680262,0.169,0.249,1.33E-05,GRAMD1B,1.65E-07,0.792686067,0.116,0.058,0.00281623,good
GSN,Gsn,Macrophage,1.26E-29,-0.390259525,0.485,0.694,2.91E-25,GSN,2.33E-69,1.22900999,0.696,0.415,3.97E-65,good
GUSB,Gusb,Macrophage,5.33E-09,0.816536,0.375,0.313,0.000123475,GUSB,6.07E-12,0.50445662,0.39,0.259,1.04E-07,bad
H3F3A,H3f3a,Macrophage,2.20E-10,0.17812034,0.967,0.986,5.09E-06,H3F3A,7.44E-07,-0.142594231,0.971,0.949,0.012703311,good
HCFC1R1,Hcfc1r1,Macrophage,7.56E-12,-0.189188376,0.377,0.488,1.75E-07,HCFC1R1,1.45E-10,0.58843904,0.279,0.173,2.48E-06,good
HDLBP,Hdlbp,Macrophage,8.12E-18,-0.26865471,0.457,0.607,1.88E-13,HDLBP,2.04E-07,0.190242449,0.451,0.335,0.003480389,good
HIP1,Hip1,Macrophage,5.27E-14,-0.342712071,0.325,0.441,1.22E-09,HIP1,2.26E-07,-1.275773541,0.055,0.098,0.003851854,bad
HK2,Hk2,Macrophage,1.93E-36,-0.563766768,0.398,0.605,4.47E-32,HK2,4.28E-13,0.83412373,0.227,0.119,7.30E-09,good
HMGB2,Hmgb2,Macrophage,2.17E-09,-0.131230399,0.62,0.763,5.02E-05,HMGB2,1.29E-08,0.316194673,0.422,0.301,0.000220521,good
HMGN1,Hmgn1,Macrophage,4.37E-14,1.132661863,0.248,0.16,1.01E-09,HMGN1,2.37E-13,0.287026489,0.653,0.504,4.04E-09,bad
HNRNPA2B1,Hnrnpa2b1,Macrophage,8.33E-25,0.661738014,0.697,0.667,1.93E-20,HNRNPA2B1,5.87E-12,-0.332977856,0.865,0.859,1.00E-07,good
HSPA9,Hspa9,Macrophage,5.85E-07,-0.126660112,0.312,0.39,0.013551228,HSPA9,2.83E-06,0.118565694,0.41,0.306,0.04835832,good
ID1,Id1,Macrophage,1.50E-06,-0.707611128,0.104,0.157,0.034808792,ID1,9.09E-18,-1.543892628,0.037,0.102,1.55E-13,bad
ID2,Id2,Macrophage,7.64E-18,-0.484582113,0.579,0.716,1.77E-13,ID2,1.89E-11,0.236698463,0.86,0.7,3.22E-07,good
IER3,Ier3,Macrophage,6.66E-13,-0.402983852,0.763,0.846,1.54E-08,IER3,1.25E-39,0.625704984,0.928,0.766,2.14E-35,good
IFITM2,Ifitm2,Macrophage,1.08E-10,0.256478225,0.896,0.89,2.49E-06,IFITM2,9.36E-62,-1.154212135,0.664,0.778,1.60E-57,good
IFRD1,Ifrd1,Macrophage,4.34E-09,0.167791813,0.862,0.879,0.000100511,IFRD1,2.71E-09,0.471461494,0.3,0.2,4.62E-05,bad
IL7R,Il7r,Macrophage,1.16E-29,-1.050894772,0.218,0.376,2.69E-25,IL7R,3.18E-23,2.011771014,0.184,0.055,5.43E-19,good
IMMT,Immt,Macrophage,2.45E-08,-0.136944454,0.248,0.332,0.000566884,IMMT,1.03E-06,0.167868455,0.229,0.148,0.017628841,good
INHBA,Inhba,Macrophage,1.85E-18,-0.688846738,0.191,0.319,4.27E-14,INHBA,1.50E-17,3.104606999,0.125,0.032,2.56E-13,good
IRF1,Irf1,Macrophage,4.34E-09,0.960525893,0.267,0.2,0.000100554,IRF1,3.00E-13,0.537385084,0.494,0.353,5.12E-09,bad
ITGA4,Itga4,Macrophage,5.67E-11,0.960223166,0.306,0.23,1.31E-06,ITGA4,9.05E-11,-0.952728226,0.25,0.328,1.54E-06,good
ITGA9,Itga9,Macrophage,3.28E-26,1.183876924,0.313,0.181,7.60E-22,ITGA9,3.32E-08,-1.542721991,0.012,0.037,0.000566606,good
ITGAM,Itgam,Macrophage,2.30E-07,-0.115308941,0.749,0.907,0.005331868,ITGAM,8.97E-18,0.601151927,0.408,0.246,1.53E-13,good
ITM2B,Itm2b,Macrophage,1.50E-45,0.607593485,0.892,0.894,3.47E-41,ITM2B,1.11E-06,0.173200947,0.927,0.86,0.019013272,bad
KDELR1,Kdelr1,Macrophage,1.92E-09,-0.187102696,0.292,0.383,4.45E-05,KDELR1,9.96E-08,0.135261745,0.577,0.433,0.001699438,good
LAPTM5,Laptm5,Macrophage,8.23E-08,-0.142787482,0.826,0.951,0.001906386,LAPTM5,6.17E-64,0.635311956,0.955,0.867,1.05E-59,good
LGALS3,Lgals3,Macrophage,1.76E-112,-0.871682246,0.902,0.984,4.08E-108,LGALS3,8.84E-88,1.280504583,0.811,0.538,1.51E-83,good
LGMN,Lgmn,Macrophage,7.96E-56,0.708334299,0.842,0.832,1.84E-51,LGMN,3.89E-41,1.3948536,0.492,0.261,6.64E-37,bad
LHFPL2,Lhfpl2,Macrophage,5.68E-09,-0.493207888,0.176,0.252,0.000131602,LHFPL2,3.63E-60,2.286128589,0.37,0.099,6.19E-56,good
LIMD2,Limd2,Macrophage,6.74E-11,1.237728547,0.217,0.144,1.56E-06,LIMD2,3.80E-22,-1.073850762,0.35,0.466,6.48E-18,good
LITAF,Litaf,Macrophage,2.11E-13,-0.257437987,0.755,0.906,4.90E-09,LITAF,1.64E-44,0.6470413,0.815,0.586,2.80E-40,good
LMNA,Lmna,Macrophage,1.26E-06,-0.138288422,0.435,0.53,0.029155445,LMNA,6.87E-56,1.565469653,0.462,0.183,1.17E-51,good
LRP10,Lrp10,Macrophage,1.34E-12,-0.265612994,0.327,0.432,3.09E-08,LRP10,5.63E-11,0.475261566,0.274,0.162,9.61E-07,good
LRPAP1,Lrpap1,Macrophage,8.72E-18,-0.284670454,0.397,0.548,2.02E-13,LRPAP1,3.88E-29,1.046618369,0.425,0.226,6.63E-25,good
MAP3K8,Map3k8,Macrophage,1.23E-08,-0.358220399,0.285,0.37,0.000284088,MAP3K8,7.86E-22,0.715562171,0.623,0.45,1.34E-17,good
MED8,Med8,Macrophage,2.03E-09,-0.148822788,0.195,0.278,4.70E-05,MED8,2.25E-06,0.537960581,0.148,0.089,0.038363885,good
MITF,Mitf,Macrophage,1.03E-13,-0.306774916,0.393,0.535,2.38E-09,MITF,2.85E-19,0.829803733,0.239,0.103,4.87E-15,good
MS4A4A,Ms4a4a,Macrophage,5.35E-07,-0.336451833,0.163,0.225,0.012388067,MS4A4A,4.77E-11,0.213918632,0.625,0.47,8.15E-07,good
MS4A7,Ms4a7,Macrophage,8.33E-59,1.111644809,0.501,0.259,1.93E-54,MS4A7,3.71E-12,-0.675415319,0.711,0.692,6.34E-08,good
MTHFD1L,Mthfd1l,Macrophage,9.70E-18,-0.586029236,0.207,0.327,2.25E-13,MTHFD1L,4.14E-16,1.170688266,0.127,0.035,7.06E-12,good
MTSS1,Mtss1,Macrophage,1.97E-17,-0.51759493,0.359,0.5,4.55E-13,MTSS1,4.81E-11,-1.300199775,0.103,0.173,8.21E-07,bad
MYL6,Myl6,Macrophage,5.20E-14,-0.175641701,0.915,0.959,1.20E-09,MYL6,2.25E-21,0.384082396,0.9,0.8,3.83E-17,good
MYOF,Myof,Macrophage,8.89E-08,-0.107910878,0.368,0.464,0.002058392,MYOF,2.42E-16,0.570782818,0.256,0.127,4.12E-12,good
NAPA,Napa,Macrophage,1.98E-09,-0.174458336,0.288,0.377,4.59E-05,NAPA,9.01E-24,0.628086619,0.617,0.432,1.54E-19,good
NFIL3,Nfil3,Macrophage,4.41E-12,-0.2542769,0.484,0.629,1.02E-07,NFIL3,1.36E-07,0.175865127,0.462,0.339,0.002319984,good
NFKB1,Nfkb1,Macrophage,1.34E-17,0.583727774,0.71,0.68,3.09E-13,NFKB1,7.32E-13,0.77117043,0.339,0.219,1.25E-08,bad
NINJ1,Ninj1,Macrophage,1.31E-18,-0.365067126,0.509,0.669,3.04E-14,NINJ1,3.68E-20,0.444862595,0.589,0.39,6.29E-16,good
NPL,Npl,Macrophage,2.14E-101,5.876088117,0.214,0.006,4.95E-97,NPL,3.15E-19,0.806803497,0.321,0.17,5.38E-15,bad
NR4A2,Nr4a2,Macrophage,8.51E-07,0.88346633,0.246,0.192,0.01971159,NR4A2,1.53E-08,0.162534457,0.763,0.609,0.000261403,bad
NR4A3,Nr4a3,Macrophage,2.38E-15,1.468944586,0.173,0.091,5.52E-11,NR4A3,1.16E-15,0.448320138,0.555,0.395,1.98E-11,bad
OLFML3,Olfml3,Macrophage,1.88E-23,1.653015543,0.207,0.099,4.36E-19,OLFML3,8.42E-32,3.949914342,0.151,0.013,1.44E-27,bad
P2RX4,P2rx4,Macrophage,3.58E-07,0.611582337,0.367,0.302,0.008286157,P2RX4,5.96E-09,0.396330456,0.173,0.093,0.000101769,bad
PABPC1,Pabpc1,Macrophage,2.98E-11,0.349535297,0.735,0.81,6.91E-07,PABPC1,7.99E-89,-0.601107313,0.969,0.972,1.36E-84,good
PDE4B,Pde4b,Macrophage,1.49E-10,0.343889069,0.773,0.78,3.45E-06,PDE4B,5.34E-19,0.456601209,0.577,0.398,9.11E-15,bad
PDGFB,Pdgfb,Macrophage,1.14E-11,1.358621254,0.149,0.082,2.63E-07,PDGFB,5.90E-16,1.139605398,0.131,0.038,1.01E-11,bad
PDIA4,Pdia4,Macrophage,3.11E-08,-0.238817248,0.323,0.407,0.000719529,PDIA4,7.58E-22,0.881521924,0.318,0.157,1.29E-17,good
PFKP,Pfkp,Macrophage,3.00E-26,-0.413625354,0.452,0.649,6.94E-22,PFKP,6.80E-27,1.993441305,0.175,0.038,1.16E-22,good
PIM1,Pim1,Macrophage,6.71E-15,0.343796994,0.888,0.891,1.55E-10,PIM1,2.08E-06,0.391828479,0.397,0.309,0.035501893,bad
PKM,Pkm,Macrophage,9.03E-91,-0.620606824,0.835,0.975,2.09E-86,PKM,3.47E-35,0.629315656,0.772,0.581,5.93E-31,good
PLAC8,Plac8,Macrophage,1.26E-18,-0.518886775,0.49,0.639,2.92E-14,PLAC8,1.43E-55,-1.719084643,0.149,0.354,2.43E-51,bad
PLEC,Plec,Macrophage,4.18E-20,-0.547787002,0.256,0.39,9.68E-16,PLEC,2.11E-07,0.231474395,0.2,0.122,0.003600913,good
PLIN2,Plin2,Macrophage,5.22E-70,-0.808414522,0.705,0.893,1.21E-65,PLIN2,6.66E-38,0.627427915,0.747,0.517,1.14E-33,good
PLTP,Pltp,Macrophage,9.38E-09,0.801780531,0.215,0.15,0.0002171,PLTP,4.22E-38,1.225701862,0.387,0.162,7.20E-34,bad
PLXDC2,Plxdc2,Macrophage,2.62E-07,0.930746625,0.148,0.097,0.00606822,PLXDC2,9.81E-57,0.964769178,0.711,0.453,1.67E-52,bad
PMEPA1,Pmepa1,Macrophage,4.23E-24,1.445513132,0.295,0.177,9.79E-20,PMEPA1,9.49E-15,1.972413587,0.089,0.016,1.62E-10,bad
PPIA,Ppia,Macrophage,1.36E-39,0.485631654,0.938,0.956,3.16E-35,PPIA,3.20E-14,0.238608151,0.954,0.899,5.46E-10,bad
PRKCB,Prkcb,Macrophage,2.69E-10,0.796715125,0.364,0.296,6.24E-06,PRKCB,2.35E-10,-0.7258823,0.293,0.373,4.01E-06,good
PSMB6,Psmb6,Macrophage,2.33E-12,-0.142750001,0.439,0.57,5.40E-08,PSMB6,5.88E-14,0.371242758,0.404,0.262,1.00E-09,good
PSMD2,Psmd2,Macrophage,2.91E-17,-0.399332937,0.318,0.443,6.73E-13,PSMD2,1.60E-06,0.30302561,0.288,0.203,0.0272285,good
PSMD7,Psmd7,Macrophage,3.91E-10,-0.15237806,0.296,0.392,9.05E-06,PSMD7,2.91E-08,0.152753889,0.33,0.224,0.000496456,good
PTGER4,Ptger4,Macrophage,2.81E-07,0.774409275,0.253,0.195,0.006506321,PTGER4,2.70E-26,0.601317692,0.557,0.352,4.60E-22,bad
PTMA,Ptma,Macrophage,1.77E-21,0.365240232,0.947,0.94,4.09E-17,PTMA,7.17E-42,-0.370091737,0.986,0.986,1.22E-37,good
PTPN12,Ptpn12,Macrophage,7.72E-07,-0.118852045,0.415,0.512,0.017881563,PTPN12,4.36E-08,0.197422326,0.485,0.365,0.00074464,good
PTPRC,Ptprc,Macrophage,4.12E-08,0.300778859,0.802,0.872,0.000953015,PTPRC,3.92E-37,-0.731335674,0.778,0.81,6.69E-33,good
PTPRE,Ptpre,Macrophage,1.30E-13,-0.248422423,0.451,0.589,3.00E-09,PTPRE,5.82E-39,-1.152892501,0.38,0.551,9.94E-35,bad
RASGRP3,Rasgrp3,Macrophage,4.31E-08,2.926544968,0.028,0.006,0.000997874,RASGRP3,1.07E-26,2.413940007,0.145,0.02,1.82E-22,bad
RGS1,Rgs1,Macrophage,4.09E-27,0.706198865,0.58,0.454,9.47E-23,RGS1,1.28E-86,1.152957913,0.822,0.579,2.19E-82,bad
RHOQ,Rhoq,Macrophage,8.09E-08,-0.161843351,0.319,0.406,0.001872584,RHOQ,5.36E-10,0.177155112,0.569,0.424,9.14E-06,good
RIT1,Rit1,Macrophage,4.27E-07,-0.427879362,0.084,0.133,0.009881077,RIT1,1.90E-12,0.594559297,0.243,0.136,3.24E-08,good
RPL24,Rpl24,Macrophage,3.61E-24,-0.206857027,0.972,0.994,8.36E-20,RPL24,6.65E-10,-0.436474238,0.693,0.692,1.14E-05,bad
RPL34,Rpl34,Macrophage,1.93E-63,-0.336403698,0.985,0.998,4.46E-59,RPL34,1.15E-166,-0.831492216,0.99,0.991,1.96E-162,bad
RPL37A,Rpl37a,Macrophage,1.44E-165,-0.597519769,0.995,0.997,3.33E-161,RPL37A,5.77E-101,-0.624451823,0.975,0.982,9.85E-97,bad
RPL38,Rpl38,Macrophage,1.24E-226,-0.800030021,0.956,0.997,2.86E-222,RPL38,2.00E-64,-0.599853361,0.951,0.956,3.42E-60,bad
RPN2,Rpn2,Macrophage,8.98E-07,-0.109341597,0.376,0.463,0.020785622,RPN2,2.77E-14,0.37101215,0.596,0.448,4.72E-10,good
RPS13,Rps13,Macrophage,2.33E-16,-0.155374628,0.983,0.996,5.39E-12,RPS13,5.41E-113,-0.788422929,0.951,0.963,9.23E-109,bad
RPS15A,Rps15a,Macrophage,1.65E-103,-0.455874353,0.981,0.997,3.83E-99,RPS15A,3.02E-41,-0.677076801,0.853,0.879,5.15E-37,bad
RPS16,Rps16,Macrophage,7.36E-13,-0.129102352,0.998,1,1.70E-08,RPS16,1.07E-83,-0.61553416,0.965,0.968,1.82E-79,bad
RPS21,Rps21,Macrophage,7.59E-181,-0.665751948,0.973,0.998,1.76E-176,RPS21,2.26E-51,-0.715597662,0.846,0.866,3.85E-47,bad
RPS24,Rps24,Macrophage,1.33E-10,-0.117786155,0.994,0.999,3.08E-06,RPS24,2.08E-80,-0.616810406,0.976,0.981,3.56E-76,bad
RPS26,Rps26,Macrophage,2.80E-23,-0.180844848,0.988,0.995,6.49E-19,RPS26,5.21E-15,-0.639536278,0.712,0.734,8.89E-11,bad
RPS27A,Rps27a,Macrophage,2.05E-41,-0.250482463,0.996,0.999,4.74E-37,RPS27A,8.21E-122,-0.742284089,0.96,0.954,1.40E-117,bad
RPS28,Rps28,Macrophage,4.14E-174,-0.613947678,0.972,0.999,9.59E-170,RPS28,7.27E-48,-0.507016855,0.948,0.943,1.24E-43,bad
RPS29,Rps29,Macrophage,5.07E-223,-0.618310706,0.996,0.999,1.17E-218,RPS29,3.14E-111,-0.623794526,0.991,0.988,5.35E-107,bad
RPS5,Rps5,Macrophage,2.80E-11,-0.147892492,0.972,0.998,6.48E-07,RPS5,4.93E-47,-0.602996245,0.868,0.881,8.41E-43,bad
S100A10,S100a10,Macrophage,3.65E-78,-0.64141256,0.77,0.955,8.45E-74,S100A10,4.88E-57,0.881757044,0.708,0.421,8.33E-53,good
S100A11,S100a11,Macrophage,2.21E-26,-0.311708691,0.784,0.919,5.13E-22,S100A11,1.12E-109,1.005606446,0.956,0.818,1.91E-105,good
SFMBT2,Sfmbt2,Macrophage,2.06E-06,-0.769276145,0.027,0.058,0.047640813,SFMBT2,9.52E-08,0.713379707,0.131,0.067,0.001624245,good
SKIL,Skil,Macrophage,7.11E-19,0.847367335,0.549,0.499,1.65E-14,SKIL,3.39E-13,0.545271504,0.428,0.291,5.79E-09,bad
SLC15A3,Slc15a3,Macrophage,1.36E-06,-0.1376418,0.627,0.746,0.031376007,SLC15A3,6.16E-36,0.803916226,0.599,0.373,1.05E-31,good
SLC16A7,Slc16a7,Macrophage,1.86E-06,1.083227875,0.093,0.054,0.043058639,SLC16A7,2.57E-18,-1.945699967,0.031,0.093,4.38E-14,good
SLC2A1,Slc2a1,Macrophage,1.15E-60,-0.817261562,0.476,0.733,2.66E-56,SLC2A1,8.01E-12,2.770160433,0.066,0.01,1.37E-07,good
SLC35B1,Slc35b1,Macrophage,3.76E-07,-0.257741421,0.202,0.268,0.008698043,SLC35B1,1.18E-09,0.667381223,0.196,0.11,2.01E-05,good
SLC41A2,Slc41a2,Macrophage,1.41E-10,-0.347213663,0.223,0.317,3.27E-06,SLC41A2,1.76E-06,1.140225991,0.061,0.022,0.030085633,good
SLCO2B1,Slco2b1,Macrophage,9.09E-16,2.664656963,0.06,0.013,2.10E-11,SLCO2B1,3.53E-44,1.022984911,0.508,0.253,6.03E-40,bad
SMAP1,Smap1,Macrophage,1.77E-18,-0.313992112,0.379,0.535,4.10E-14,SMAP1,1.84E-07,0.404244102,0.232,0.149,0.003139544,good
SMOX,Smox,Macrophage,2.48E-14,-0.245167895,0.564,0.722,5.74E-10,SMOX,2.45E-07,0.682319555,0.083,0.035,0.004173042,good
SNRPC,Snrpc,Macrophage,1.39E-20,-0.329979809,0.294,0.44,3.22E-16,SNRPC,2.93E-08,0.322895799,0.358,0.25,0.000499223,good
SOCS3,Socs3,Macrophage,9.40E-52,1.117561572,0.666,0.566,2.18E-47,SOCS3,4.70E-18,0.365413429,0.813,0.632,8.02E-14,bad
SPP1,Spp1,Macrophage,1.18E-38,-0.975227359,0.545,0.696,2.74E-34,SPP1,2.09E-84,5.929066645,0.318,0.011,3.57E-80,good
STT3B,Stt3b,Macrophage,3.57E-10,-0.224151891,0.303,0.398,8.26E-06,STT3B,7.35E-07,0.282484507,0.335,0.239,0.012543424,good
TANC2,Tanc2,Macrophage,1.45E-28,1.73431009,0.241,0.117,3.36E-24,TANC2,1.21E-14,0.71428597,0.132,0.043,2.06E-10,bad
TFEC,Tfec,Macrophage,6.15E-12,-0.223994253,0.21,0.314,1.42E-07,TFEC,7.19E-21,0.638348486,0.468,0.292,1.23E-16,good
TFG,Tfg,Macrophage,5.99E-10,-0.165038256,0.223,0.313,1.39E-05,TFG,6.61E-08,0.315028052,0.234,0.146,0.001127213,good
TGFBR1,Tgfbr1,Macrophage,5.41E-22,1.072390768,0.398,0.282,1.25E-17,TGFBR1,8.28E-11,0.671277247,0.175,0.088,1.41E-06,bad
TGIF1,Tgif1,Macrophage,6.79E-07,0.658328866,0.386,0.33,0.015717775,TGIF1,1.01E-13,0.502646308,0.412,0.266,1.72E-09,bad
TGM2,Tgm2,Macrophage,1.28E-09,-0.318885192,0.555,0.674,2.96E-05,TGM2,1.26E-43,3.011541215,0.254,0.052,2.15E-39,good
TLN1,Tln1,Macrophage,2.65E-13,-0.22397662,0.658,0.814,6.14E-09,TLN1,7.32E-13,-0.585349247,0.629,0.655,1.25E-08,bad
TMEM176A,Tmem176a,Macrophage,9.74E-61,1.833906888,0.361,0.15,2.26E-56,TMEM176A,9.02E-99,1.888178266,0.608,0.244,1.54E-94,bad
TMEM30A,Tmem30a,Macrophage,6.59E-10,-0.217128457,0.33,0.426,1.53E-05,TMEM30A,1.11E-12,0.488971335,0.363,0.231,1.90E-08,good
TMEM86A,Tmem86a,Macrophage,4.77E-08,1.164586557,0.125,0.074,0.001103619,TMEM86A,5.92E-15,1.177035943,0.132,0.043,1.01E-10,bad
TNFAIP3,Tnfaip3,Macrophage,6.21E-25,0.86891533,0.586,0.523,1.44E-20,TNFAIP3,2.98E-36,0.380137888,0.884,0.696,5.09E-32,bad
TNFAIP8,Tnfaip8,Macrophage,2.18E-15,0.676893214,0.547,0.483,5.06E-11,TNFAIP8,4.93E-22,0.849529808,0.442,0.265,8.42E-18,bad
TNFSF9,Tnfsf9,Macrophage,2.21E-07,1.006690657,0.189,0.135,0.005110977,TNFSF9,2.07E-10,0.871244369,0.144,0.066,3.53E-06,bad
TPT1,Tpt1,Macrophage,5.68E-31,-0.228723694,0.999,1,1.32E-26,TPT1,1.63E-119,-0.536933999,0.996,0.997,2.78E-115,bad
TRAF3,Traf3,Macrophage,4.12E-07,0.649308769,0.416,0.377,0.009543143,TRAF3,2.77E-08,0.63805496,0.155,0.084,0.000473534,bad
TRPV2,Trpv2,Macrophage,2.38E-10,-0.341302002,0.245,0.331,5.52E-06,TRPV2,3.60E-08,0.480578661,0.163,0.09,0.000614101,good
TSPO,Tspo,Macrophage,1.96E-10,-0.146067641,0.758,0.884,4.53E-06,TSPO,3.16E-28,0.47958744,0.652,0.412,5.39E-24,good
UGP2,Ugp2,Macrophage,1.15E-22,-0.463732688,0.341,0.496,2.66E-18,UGP2,7.40E-11,0.572796195,0.258,0.151,1.26E-06,good
UPP1,Upp1,Macrophage,6.21E-33,-0.723787206,0.23,0.42,1.44E-28,UPP1,2.78E-34,1.1169669,0.408,0.189,4.74E-30,good
USF2,Usf2,Macrophage,6.46E-19,-0.513390941,0.313,0.435,1.50E-14,USF2,2.10E-07,0.215271796,0.56,0.437,0.003591411,good
VDAC1,Vdac1,Macrophage,5.37E-17,-0.319097424,0.442,0.592,1.24E-12,VDAC1,1.94E-15,0.473584498,0.484,0.326,3.31E-11,good
VDR,Vdr,Macrophage,2.20E-08,-0.403312097,0.164,0.236,0.000510167,VDR,8.33E-07,0.393529838,0.205,0.133,0.014208499,good
VEGFA,Vegfa,Macrophage,2.86E-14,-0.14774045,0.484,0.662,6.61E-10,VEGFA,4.05E-35,0.779284986,0.692,0.46,6.92E-31,good
VIM,Vim,Macrophage,5.68E-73,-0.635813524,0.92,0.991,1.32E-68,VIM,1.05E-147,1.110277637,0.979,0.87,1.79E-143,good
VPS37A,Vps37a,Macrophage,4.44E-07,-0.180288673,0.198,0.262,0.010277974,VPS37A,4.61E-07,0.47287644,0.14,0.078,0.007870177,good
WDR45B,Wdr45b,Macrophage,3.60E-09,-0.23034496,0.256,0.339,8.34E-05,WDR45B,1.32E-07,0.297980344,0.383,0.277,0.002244955,good
YIPF5,Yipf5,Macrophage,1.69E-13,-0.309250095,0.223,0.325,3.92E-09,YIPF5,4.09E-11,0.678937847,0.162,0.076,6.99E-07,good
YWHAZ,Ywhaz,Macrophage,2.76E-20,-0.308601973,0.661,0.844,6.40E-16,YWHAZ,1.71E-14,0.320034236,0.813,0.647,2.92E-10,good
ZDHHC14,Zdhhc14,Macrophage,1.54E-21,1.060717492,0.332,0.215,3.57E-17,ZDHHC14,1.46E-06,0.278433123,0.106,0.053,0.024911403,bad
ZMIZ1,Zmiz1,Macrophage,8.63E-19,-0.36960333,0.547,0.715,2.00E-14,ZMIZ1,1.02E-12,0.384317264,0.394,0.254,1.73E-08,good